PERSON_ID,FIRST_NAME,LAST_NAME,POSITION,HEIGHT,WEIGHT,COUNTRY,BIRTHDATE,DRAFT_YEAR,DRAFT_ROUND,DRAFT_NUMBER,SEASON_EXP
1630173,Precious,Achiuwa,Forward,6-8,225,Nigeria,1999-09-19T00:00:00,2020,1,20,2
203500,Steven,Adams,Center,6-11,265,New Zealand,1993-07-20T00:00:00,2013,1,12,9
1628389,Bam,Adebayo,Center-Forward,6-9,255,USA,1997-07-18T00:00:00,2017,1,14,5
1630583,Santi,Aldama,Forward-Center,6-11,215,Spain,2001-01-10T00:00:00,2021,1,30,1
200746,LaMarcus,Aldridge,Center-Forward,6-11,250,USA,1985-07-19T00:00:00,2006,1,2,16
1629638,Nickeil,Alexander-Walker,Guard,6-5,205,Canada,1998-09-02T00:00:00,2019,1,17,3
1628960,Grayson,Allen,Guard,6-4,198,USA,1995-10-08T00:00:00,2018,1,21,4
1628386,Jarrett,Allen,Center,6-10,243,USA,1998-04-21T00:00:00,2017,1,22,5
1630631,Jose,Alvarado,Guard,6-0,179,USA,1998-04-12T00:00:00,Undrafted,Undrafted,Undrafted,1
203937,Kyle,Anderson,Forward-Guard,6-9,230,USA,1993-09-20T00:00:00,2014,1,30,8
203507,Giannis,Antetokounmpo,Forward,6-11,242,Greece,1994-12-06T00:00:00,2013,1,15,9
203648,Thanasis,Antetokounmpo,Forward,6-6,219,Greece,1992-07-18T00:00:00,2014,2,51,4
2546,Carmelo,Anthony,Forward,6-7,238,USA,1984-05-29T00:00:00,2003,1,3,19
1630175,Cole,Anthony,Guard,6-3,185,USA,2000-05-15T00:00:00,2020,1,15,2
1628384,OG,Anunoby,Forward,6-7,232,United Kingdom,1997-07-17T00:00:00,2017,1,23,5
1627853,Ryan,Arcidiacono,Guard,6-3,195,USA,1994-03-26T00:00:00,Undrafted,Undrafted,Undrafted,6
201571,D.J.,Augustin,Guard,5-11,183,USA,1987-11-10T00:00:00,2008,1,9,14
1630166,Deni,Avdija,Forward,6-9,210,Israel,2001-01-03T00:00:00,2020,1,9,2
1629028,Deandre,Ayton,Center,6-11,250,Bahamas,1998-07-23T00:00:00,2018,1,1,4
1628962,Udoka,Azubuike,Center-Forward,7-0,270,Nigeria,1999-09-17T00:00:00,2020,1,27,2
1628963,Marvin,Bagley III,Forward,6-11,235,USA,1999-03-14T00:00:00,2018,1,2,4
1630163,LaMelo,Ball,Guard,6-7,180,USA,2001-08-22T00:00:00,2020,1,3,2
1628366,Lonzo,Ball,Guard,6-6,190,USA,1997-10-27T00:00:00,2017,1,2,5
1628964,Mo,Bamba,Center,7-0,231,USA,1998-05-12T00:00:00,2018,1,6,4
1630217,Desmond,Bane,Guard,6-5,215,USA,1998-06-25T00:00:00,2020,1,30,2
1630625,Dalano,Banton,Forward,6-7,204,Canada,1999-11-07T00:00:00,2021,2,46,1
203084,Harrison,Barnes,Forward,6-8,225,USA,1992-05-30T00:00:00,2012,1,7,10
1630567,Scottie,Barnes,Forward,6-7,225,USA,2001-08-01T00:00:00,2021,1,4,1
1629628,RJ,Barrett,Forward-Guard,6-6,214,Canada,2000-06-14T00:00:00,2019,1,3,3
203115,Will,Barton,Guard,6-5,181,USA,1991-01-06T00:00:00,2012,2,40,10
1629646,Charles,Bassey,Center-Forward,6-9,230,Nigeria,2000-10-28T00:00:00,2021,2,53,1
1628966,Keita,Bates-Diop,Forward,6-8,229,USA,1996-01-23T00:00:00,2018,2,48,4
201587,Nicolas,Batum,Guard-Forward,6-8,230,France,1988-12-14T00:00:00,2008,1,25,14
203145,Kent,Bazemore,Guard-Forward,6-4,195,USA,1989-07-01T00:00:00,Undrafted,Undrafted,Undrafted,10
1629647,Darius,Bazley,Forward,6-8,208,USA,2000-06-12T00:00:00,2019,1,23,3
203078,Bradley,Beal,Guard,6-4,207,USA,1993-06-28T00:00:00,2012,1,3,10
1627736,Malik,Beasley,Guard,6-4,187,USA,1996-11-26T00:00:00,2016,1,19,6
202722,Davis,Bertans,Forward,6-10,225,Latvia,1992-11-12T00:00:00,2011,2,42,6
201976,Patrick,Beverley,Guard,6-1,180,USA,1988-07-12T00:00:00,2009,2,42,10
1630180,Saddiq,Bey,Forward,6-7,215,USA,1999-04-09T00:00:00,2020,1,19,2
203920,Khem,Birch,Center,6-9,233,Canada,1992-09-28T00:00:00,Undrafted,Undrafted,Undrafted,5
1629048,Goga,Bitadze,Center-Forward,7-0,250,Georgia,1999-07-20T00:00:00,2019,1,18,3
202687,Bismack,Biyombo,Center,6-8,255,DRC,1992-08-28T00:00:00,2011,1,7,11
202357,Nemanja,Bjelica,Forward,6-9,234,Serbia,1988-05-09T00:00:00,2010,2,35,8
202339,Eric,Bledsoe,Guard,6-1,214,USA,1989-12-09T00:00:00,2010,1,18,13
1629833,Keljin,Blevins,Guard,6-4,200,USA,1995-11-24T00:00:00,2019,,,2
203992,Bogdan,Bogdanovic,Guard,6-6,225,Serbia,1992-08-18T00:00:00,2014,1,27,5
202711,Bojan,Bogdanovic,Forward,6-7,226,Croatia,1989-04-18T00:00:00,2011,2,31,8
1629626,Bol,Bol,Center-Forward,7-2,220,Sudan,1999-11-16T00:00:00,2019,2,44,3
1630195,Leandro,Bolmaro,Forward,6-6,200,Argentina,2000-09-11T00:00:00,2020,1,23,1
1629067,Isaac,Bonga,Guard,6-8,180,Germany,1999-11-08T00:00:00,2018,2,39,4
1626164,Devin,Booker,Guard,6-5,206,USA,1996-10-30T00:00:00,2015,1,13,7
1630527,Brandon,Boston,Guard,6-6,188,USA,2001-11-28T00:00:00,2021,2,51,1
1628449,Chris,Boucher,Forward-Center,6-9,200,Saint Lucia,1993-01-11T00:00:00,Undrafted,Undrafted,Undrafted,5
1630547,James,Bouknight,Guard,6-4,190,USA,2000-09-18T00:00:00,2021,1,11,1
202340,Avery,Bradley,Guard,6-3,180,USA,1990-11-26T00:00:00,2010,1,19,12
1628396,Tony,Bradley,Center-Forward,6-10,248,USA,1998-01-08T00:00:00,2017,1,28,5
1629649,Ignas,Brazdeikis,Forward,6-6,221,Canada,1999-01-08T00:00:00,2019,2,47,3
1628969,Mikal,Bridges,Forward,6-6,209,USA,1996-08-30T00:00:00,2018,1,10,4
1628970,Miles,Bridges,Forward,6-7,225,USA,1998-03-21T00:00:00,2018,1,12,4
1629052,Oshae,Brissett,Forward-Guard,6-7,210,Canada,1998-06-20T00:00:00,Undrafted,Undrafted,Undrafted,3
1627763,Malcolm,Brogdon,Guard,6-5,229,USA,1992-12-11T00:00:00,2016,2,36,6
1629717,Armoni,Brooks,Guard,6-3,195,USA,1998-06-05T00:00:00,2019,,,3
1628415,Dillon,Brooks,Guard-Forward,6-7,225,Canada,1996-01-22T00:00:00,2017,2,45,5
1628971,Bruce,Brown,Guard-Forward,6-4,202,USA,1996-08-15T00:00:00,2018,2,42,4
1627759,Jaylen,Brown,Guard-Forward,6-6,223,USA,1996-10-24T00:00:00,2016,1,3,6
1629650,Moses,Brown,Center,7-2,245,USA,1999-10-13T00:00:00,Undrafted,Undrafted,Undrafted,3
1628425,Sterling,Brown,Guard-Forward,6-5,219,USA,1995-02-10T00:00:00,2017,2,46,5
1630535,Greg,Brown III,Forward,6-7,206,USA,2001-09-01T00:00:00,2021,2,43,1
1629718,Charlie,Brown Jr.,Guard,6-6,199,USA,1997-02-02T00:00:00,Undrafted,Undrafted,Undrafted,3
1630602,Chaundee,Brown Jr.,Forward,6-5,215,USA,1998-12-04T00:00:00,Undrafted,Undrafted,Undrafted,2
1628972,Troy,Brown Jr.,Guard-Forward,6-6,215,USA,1999-07-28T00:00:00,2018,1,15,4
1628973,Jalen,Brunson,Guard,6-1,190,USA,1996-08-31T00:00:00,2018,2,33,4
1628418,Thomas,Bryant,Center-Forward,6-10,248,USA,1997-07-31T00:00:00,2017,2,42,5
203493,Reggie,Bullock,Guard-Forward,6-6,205,USA,1991-03-16T00:00:00,2013,1,25,9
203504,Trey,Burke,Guard,6-0,185,USA,1992-11-12T00:00:00,2013,1,9,9
202692,Alec,Burks,Guard,6-6,214,USA,1991-07-20T00:00:00,2011,1,12,11
1630215,Jared,Butler,Guard,6-3,193,USA,2000-08-25T00:00:00,2021,2,40,1
202710,Jimmy,Butler,Forward,6-7,230,USA,1989-09-14T00:00:00,2011,1,30,11
1629719,Devontae,Cacok,Forward,6-7,240,USA,1996-10-08T00:00:00,Undrafted,Undrafted,Undrafted,3
203484,Kentavious,Caldwell-Pope,Guard,6-5,204,USA,1993-02-18T00:00:00,2013,1,8,9
1630267,Facundo,Campazzo,Guard,5-10,195,Argentina,1991-03-23T00:00:00,Undrafted,Undrafted,Undrafted,3
1628427,Vlatko,Cancar,Forward,6-8,236,Slovenia,1997-04-10T00:00:00,2017,2,49,3
1629962,Devin,Cannady,Guard,6-2,183,USA,1996-05-21T00:00:00,2019,,,2
203991,Clint,Capela,Center,6-10,256,Switzerland,1994-05-18T00:00:00,2014,1,25,8
1630176,Vernon,Carey Jr.,Forward-Center,6-9,270,USA,2001-02-25T00:00:00,2020,2,32,2
1628975,Jevon,Carter,Guard,6-1,200,USA,1995-09-14T00:00:00,2018,2,32,4
1628976,Wendell,Carter Jr.,Center-Forward,6-10,270,USA,1999-04-16T00:00:00,2018,1,7,4
1627936,Alex,Caruso,Guard,6-5,186,USA,1994-02-28T00:00:00,Undrafted,Undrafted,Undrafted,5
1630551,Justin,Champagnie,Guard-Forward,6-6,206,USA,2001-06-29T00:00:00,Undrafted,Undrafted,Undrafted,1
1629185,Chris,Chiozza,Guard,5-11,175,USA,1995-11-21T00:00:00,Undrafted,Undrafted,Undrafted,4
1627737,Marquese,Chriss,Forward,6-9,240,USA,1997-07-02T00:00:00,2016,1,8,6
1630528,Josh,Christopher,Guard,6-3,215,USA,2001-12-08T00:00:00,2021,1,24,1
1629109,Gary,Clark,Forward,6-6,225,USA,1994-11-16T00:00:00,Undrafted,Undrafted,Undrafted,4
1629634,Brandon,Clarke,Forward,6-8,215,Canada,1996-09-19T00:00:00,2019,1,21,3
203903,Jordan,Clarkson,Guard,6-4,194,USA,1992-06-07T00:00:00,2014,2,46,8
1629651,Nic,Claxton,Center,6-11,215,USA,1999-04-17T00:00:00,2019,2,31,3
1629599,Amir,Coffey,Guard-Forward,6-7,210,USA,1997-06-17T00:00:00,Undrafted,Undrafted,Undrafted,3
1628381,John,Collins,Forward-Center,6-9,226,USA,1997-09-23T00:00:00,2017,1,19,5
1628380,Zach,Collins,Forward-Center,6-11,250,USA,1997-11-19T00:00:00,2017,1,10,4
201144,Mike,Conley,Guard,6-1,175,USA,1987-10-11T00:00:00,2007,1,4,15
1626192,Pat,Connaughton,Guard,6-5,209,USA,1993-01-06T00:00:00,2015,2,41,7
1629076,Tyler,Cook,Forward,6-8,255,USA,1997-09-23T00:00:00,Undrafted,Undrafted,Undrafted,3
1630536,Sharife,Cooper,Guard,6-1,176,USA,2001-06-11T00:00:00,2021,2,48,2
202326,DeMarcus,Cousins,Center,6-10,270,USA,1990-08-13T00:00:00,2010,1,5,12
203496,Robert,Covington,Forward,6-7,209,USA,1990-12-14T00:00:00,Undrafted,Undrafted,Undrafted,9
1628470,Torrey,Craig,Forward,6-7,221,USA,1990-12-19T00:00:00,Undrafted,Undrafted,Undrafted,5
203109,Jae,Crowder,Forward,6-6,235,USA,1990-07-06T00:00:00,2012,2,34,10
1629633,Jarrett,Culver,Guard-Forward,6-6,195,USA,1999-02-20T00:00:00,2019,1,6,3
1630595,Cade,Cunningham,Guard,6-6,220,USA,2001-09-25T00:00:00,2021,1,1,1
203552,Seth,Curry,Guard,6-2,185,USA,1990-08-23T00:00:00,Undrafted,Undrafted,Undrafted,8
201939,Stephen,Curry,Guard,6-2,185,USA,1988-03-14T00:00:00,2009,1,7,13
203076,Anthony,Davis,Forward-Center,6-10,253,USA,1993-03-11T00:00:00,2012,1,1,10
202334,Ed,Davis,Center-Forward,6-9,218,USA,1989-06-05T00:00:00,2010,1,13,13
1629056,Terence,Davis,Guard,6-4,201,USA,1997-05-16T00:00:00,Undrafted,Undrafted,Undrafted,3
201942,DeMar,DeRozan,Guard-Forward,6-6,220,USA,1989-08-07T00:00:00,2009,1,9,13
203473,Dewayne,Dedmon,Center,7-0,245,USA,1989-08-12T00:00:00,Undrafted,Undrafted,Undrafted,9
1628978,Donte,DiVincenzo,Guard,6-4,203,USA,1997-01-31T00:00:00,2018,1,17,4
1628977,Hamidou,Diallo,Guard,6-5,202,USA,1998-07-31T00:00:00,2018,2,45,4
203476,Gorgui,Dieng,Center,6-10,248,Senegal,1990-01-18T00:00:00,2013,1,21,9
203915,Spencer,Dinwiddie,Guard,6-6,215,USA,1993-04-06T00:00:00,2014,2,38,8
1629029,Luka,Doncic,Forward-Guard,6-7,230,Slovenia,1999-02-28T00:00:00,2018,1,3,4
1629652,Luguentz,Dort,Guard,6-3,215,Canada,1999-04-19T00:00:00,Undrafted,Undrafted,Undrafted,3
1630245,Ayo,Dosunmu,Guard,6-4,200,USA,2000-01-17T00:00:00,2021,2,38,1
201609,Goran,Dragic,Guard,6-3,190,Slovenia,1986-05-06T00:00:00,2008,2,45,14
203083,Andre,Drummond,Center,6-10,279,USA,1993-08-10T00:00:00,2012,1,9,10
1630537,Chris,Duarte,Guard,6-5,190,Dominican Republic,1997-06-13T00:00:00,2021,1,13,1
1630561,David,Duke Jr.,Guard,6-4,204,USA,1999-10-13T00:00:00,Undrafted,Undrafted,Undrafted,1
201142,Kevin,Durant,Forward,6-10,240,USA,1988-09-29T00:00:00,2007,1,2,14
1630162,Anthony,Edwards,Guard,6-4,225,USA,2001-08-05T00:00:00,2020,1,1,2
1629035,Carsen,Edwards,Guard,5-11,200,USA,1998-03-12T00:00:00,2019,2,33,4
1630556,Kessler,Edwards,Forward,6-7,203,USA,2000-08-09T00:00:00,2021,2,44,1
1629604,CJ,Elleby,Forward-Guard,6-6,200,USA,2000-06-16T00:00:00,2020,2,46,2
201961,Wayne,Ellington,Guard,6-4,207,USA,1987-11-29T00:00:00,2009,1,28,13
203954,Joel,Embiid,Center-Forward,7-0,280,Cameroon,1994-03-16T00:00:00,2014,1,3,6
202324,Derrick,Favors,Forward,6-9,265,USA,1991-07-15T00:00:00,2010,1,3,12
1628981,Bruno,Fernando,Forward-Center,6-9,240,Angola,1998-08-15T00:00:00,2019,2,34,3
1627827,Dorian,Finney-Smith,Forward,6-7,220,USA,1993-05-04T00:00:00,Undrafted,Undrafted,Undrafted,6
1630238,Malik,Fitts,Forward,6-5,230,USA,1997-07-04T00:00:00,Undrafted,Undrafted,Undrafted,3
1630201,Malachi,Flynn,Guard,6-1,175,USA,1998-05-09T00:00:00,2020,1,29,2
1627854,Bryn,Forbes,Guard,6-2,205,USA,1993-07-23T00:00:00,Undrafted,Undrafted,Undrafted,6
1630235,Trent,Forrest,Guard,6-4,210,USA,1998-06-12T00:00:00,Undrafted,Undrafted,Undrafted,2
203095,Evan,Fournier,Guard-Forward,6-6,205,France,1992-10-29T00:00:00,2012,1,20,10
1628368,De'Aaron,Fox,Guard,6-3,185,USA,1997-12-20T00:00:00,2017,1,5,5
1628982,Melvin,Frazier Jr.,Guard-Forward,6-5,215,USA,1996-08-30T00:00:00,2018,2,35,4
1628365,Markelle,Fultz,Guard,6-4,209,USA,1998-05-29T00:00:00,2017,1,1,5
1629117,Wenyen,Gabriel,Forward,6-9,205,South Sudan,1997-03-26T00:00:00,Undrafted,Undrafted,Undrafted,3
1629655,Daniel,Gafford,Forward-Center,6-9,234,USA,1998-10-01T00:00:00,2019,2,38,3
201568,Danilo,Gallinari,Forward,6-10,236,Italy,1988-08-08T00:00:00,2008,1,6,13
1629636,Darius,Garland,Guard,6-1,192,USA,2000-01-26T00:00:00,2019,1,5,3
1630586,Usman,Garuba,Forward,6-8,229,Spain,2002-03-09T00:00:00,2021,1,23,1
1630568,Luka,Garza,Center,6-10,243,USA,1998-12-27T00:00:00,2021,2,52,1
200752,Rudy,Gay,Forward-Guard,6-8,250,USA,1986-08-17T00:00:00,2006,1,8,16
202331,Paul,George,Forward,6-8,220,USA,1990-05-02T00:00:00,2010,1,10,12
201959,Taj,Gibson,Forward,6-9,232,USA,1985-06-24T00:00:00,2009,1,26,13
1630581,Josh,Giddey,Guard,6-8,205,Australia,2002-10-10T00:00:00,2021,1,6,1
1628983,Shai,Gilgeous-Alexander,Guard,6-6,180,Canada,1998-07-12T00:00:00,2018,1,11,4
1630264,Anthony,Gill,Forward,6-7,230,USA,1992-10-17T00:00:00,Undrafted,Undrafted,Undrafted,2
203497,Rudy,Gobert,Center,7-1,258,France,1992-06-26T00:00:00,2013,1,27,9
1629164,Brandon,Goodwin,Guard,6-0,180,USA,1995-10-02T00:00:00,Undrafted,Undrafted,Undrafted,5
203932,Aaron,Gordon,Forward,6-8,235,USA,1995-09-16T00:00:00,2014,1,4,8
201569,Eric,Gordon,Guard,6-3,215,USA,1988-12-25T00:00:00,2008,1,7,14
1628984,Devonte',Graham,Guard,6-1,195,USA,1995-02-22T00:00:00,2018,2,34,4
203924,Jerami,Grant,Forward,6-8,210,USA,1994-03-12T00:00:00,2014,2,39,8
201980,Danny,Green,Guard,6-6,215,USA,1987-06-22T00:00:00,2009,2,46,13
203110,Draymond,Green,Forward,6-6,230,USA,1990-03-04T00:00:00,2012,2,35,10
203210,JaMychal,Green,Forward-Center,6-8,227,USA,1990-06-21T00:00:00,Undrafted,Undrafted,Undrafted,8
1630224,Jalen,Green,Guard,6-4,186,USA,2002-02-09T00:00:00,2021,1,2,1
1629750,Javonte,Green,Guard-Forward,6-5,205,USA,1993-07-23T00:00:00,Undrafted,Undrafted,Undrafted,3
201145,Jeff,Green,Forward,6-8,235,USA,1986-08-28T00:00:00,2007,1,5,14
1630182,Josh,Green,Guard,6-5,200,Australia,2000-11-16T00:00:00,2020,1,18,2
201933,Blake,Griffin,Forward,6-9,250,USA,1989-03-16T00:00:00,2009,1,1,12
1629656,Quentin,Grimes,Guard,6-4,210,USA,2000-05-08T00:00:00,2021,1,25,1
1629060,Rui,Hachimura,Forward,6-8,230,Japan,1998-02-08T00:00:00,2019,1,9,3
1630169,Tyrese,Haliburton,Guard,6-5,185,USA,2000-02-29T00:00:00,2020,1,12,2
1630181,R.J.,Hampton,Guard,6-4,175,USA,2001-02-07T00:00:00,2020,1,24,2
203501,Tim,Hardaway Jr.,Guard-Forward,6-5,205,USA,1992-03-16T00:00:00,2013,1,24,9
201935,James,Harden,Guard,6-5,220,USA,1989-08-26T00:00:00,2009,1,3,13
203090,Maurice,Harkless,Forward-Guard,6-7,220,USA,1993-05-11T00:00:00,2012,1,15,10
1629607,Jared,Harper,Guard,5-10,175,USA,1997-09-14T00:00:00,Undrafted,Undrafted,Undrafted,3
1626149,Montrezl,Harrell,Forward-Center,6-7,240,USA,1994-01-26T00:00:00,2015,2,32,7
203914,Gary,Harris,Guard,6-4,210,USA,1994-09-14T00:00:00,2014,1,19,8
203925,Joe,Harris,Guard-Forward,6-6,220,USA,1991-09-06T00:00:00,2014,2,33,8
202699,Tobias,Harris,Forward,6-7,226,USA,1992-07-15T00:00:00,2011,1,19,11
1628404,Josh,Hart,Guard,6-5,215,USA,1995-03-06T00:00:00,2017,1,30,5
1628392,Isaiah,Hartenstein,Center-Forward,7-0,250,Germany,1998-05-05T00:00:00,2017,2,43,4
2617,Udonis,Haslem,Forward,6-8,235,USA,1980-06-09T00:00:00,Undrafted,Undrafted,Undrafted,19
1630573,Sam,Hauser,Forward,6-7,217,USA,1997-12-08T00:00:00,Undrafted,Undrafted,Undrafted,1
1629637,Jaxson,Hayes,Center-Forward,6-11,220,USA,2000-05-23T00:00:00,2019,1,8,3
1630165,Killian,Hayes,Guard,6-5,195,France,2001-07-27T00:00:00,2020,1,7,2
202330,Gordon,Hayward,Forward,6-7,225,USA,1990-03-23T00:00:00,2010,1,9,12
1627823,Juancho,Hernangomez,Forward,6-9,214,Spain,1995-09-28T00:00:00,2016,1,15,6
1626195,Willy,Hernangomez,Center-Forward,6-11,250,Spain,1994-05-27T00:00:00,2015,2,35,6
1629639,Tyler,Herro,Guard,6-5,195,USA,2000-01-20T00:00:00,2019,1,13,3
1627741,Buddy,Hield,Guard,6-4,220,Bahamas,1992-12-17T00:00:00,2016,1,6,6
1629312,Haywood,Highsmith,Forward,6-4,220,USA,1996-12-09T00:00:00,2018,,,2
201588,George,Hill,Guard,6-4,188,USA,1986-05-04T00:00:00,2008,1,26,14
1630792,Malcolm,Hill,Forward,6-6,220,USA,1995-10-26T00:00:00,Undrafted,Undrafted,Undrafted,1
1630207,Nate,Hinton,Guard-Forward,6-5,210,USA,1999-06-08T00:00:00,Undrafted,Undrafted,Undrafted,3
1628988,Aaron,Holiday,Guard,6-0,185,USA,1996-09-30T00:00:00,2018,1,23,4
201950,Jrue,Holiday,Guard,6-3,205,USA,1990-06-12T00:00:00,2009,1,17,13
203200,Justin,Holiday,Forward-Guard,6-6,180,USA,1989-04-05T00:00:00,Undrafted,Undrafted,Undrafted,9
1626158,Richaun,Holmes,Forward,6-10,235,USA,1993-10-15T00:00:00,2015,2,37,7
203918,Rodney,Hood,Guard-Forward,6-8,208,USA,1992-10-20T00:00:00,2014,1,23,8
201143,Al,Horford,Center-Forward,6-9,240,Dominican Republic,1986-06-03T00:00:00,2007,1,3,15
1629659,Talen,Horton-Tucker,Guard,6-4,234,USA,2000-11-25T00:00:00,2019,2,46,3
1627863,Danuel,House Jr.,Forward-Guard,6-6,220,USA,1993-06-07T00:00:00,Undrafted,Undrafted,Undrafted,6
2730,Dwight,Howard,Center-Forward,6-10,265,USA,1985-12-08T00:00:00,2004,1,1,18
1630210,Markus,Howard,Guard,5-10,175,USA,1999-03-03T00:00:00,Undrafted,Undrafted,Undrafted,3
1628989,Kevin,Huerter,Guard-Forward,6-7,198,USA,1998-08-27T00:00:00,2018,1,19,4
1630190,Elijah,Hughes,Guard,6-5,215,USA,1998-03-10T00:00:00,2020,2,39,2
1630624,Feron,Hunt,Forward,6-8,195,USA,1999-07-05T00:00:00,Undrafted,Undrafted,Undrafted,1
1629631,De'Andre,Hunter,Forward-Guard,6-8,221,USA,1997-12-02T00:00:00,2019,1,4,3
1630538,Bones,Hyland,Guard,6-2,169,USA,2000-09-14T00:00:00,2021,1,26,1
201586,Serge,Ibaka,Forward,6-10,235,Republic of the Congo,1989-09-18T00:00:00,2008,1,24,13
2738,Andre,Iguodala,Guard-Forward,6-6,215,USA,1984-01-28T00:00:00,2004,1,9,18
204060,Joe,Ingles,Forward-Guard,6-8,220,Australia,1987-10-02T00:00:00,Undrafted,Undrafted,Undrafted,8
1627742,Brandon,Ingram,Forward,6-8,190,USA,1997-09-02T00:00:00,2016,1,2,6
202681,Kyrie,Irving,Guard,6-2,195,Australia,1992-03-23T00:00:00,2011,1,1,11
1628371,Jonathan,Isaac,Forward,6-10,230,USA,1997-10-03T00:00:00,2017,1,6,3
1628402,Frank,Jackson,Guard,6-3,205,USA,1998-05-04T00:00:00,2017,2,31,4
1630543,Isaiah,Jackson,Forward,6-10,205,USA,2002-01-10T00:00:00,2021,1,22,1
1628367,Josh,Jackson,Guard-Forward,6-8,207,USA,1997-02-10T00:00:00,2017,1,4,5
202704,Reggie,Jackson,Guard,6-2,208,USA,1990-04-16T00:00:00,2011,1,24,11
1628991,Jaren,Jackson Jr.,Forward-Center,6-11,242,USA,1999-09-15T00:00:00,2018,1,4,4
2544,LeBron,James,Forward,6-9,250,USA,1984-12-30T00:00:00,2003,1,1,19
1629660,Ty,Jerome,Guard-Forward,6-5,195,USA,1997-07-08T00:00:00,2019,1,24,3
1630198,Isaiah,Joe,Guard,6-4,165,USA,1999-07-02T00:00:00,2020,2,49,2
1629661,Cameron,Johnson,Forward,6-8,210,USA,1996-03-03T00:00:00,2019,1,11,3
1630525,David,Johnson,Guard,6-4,203,USA,2001-02-26T00:00:00,2021,2,47,1
1630552,Jalen,Johnson,Forward,6-8,219,USA,2001-12-18T00:00:00,2021,1,20,1
1629640,Keldon,Johnson,Forward-Guard,6-6,220,USA,1999-10-11T00:00:00,2019,1,29,3
1630553,Keon,Johnson,Guard,6-4,185,USA,2002-03-10T00:00:00,2021,1,21,1
1626169,Stanley,Johnson,Forward-Guard,6-6,242,USA,1996-05-29T00:00:00,2015,1,8,7
203999,Nikola,Jokic,Center,6-11,284,Serbia,1995-02-19T00:00:00,2014,2,41,7
1627745,Damian,Jones,Center,6-11,245,USA,1995-06-30T00:00:00,2016,1,30,6
1630529,Herbert,Jones,Forward,6-7,206,USA,1998-10-06T00:00:00,2021,2,35,1
1630539,Kai,Jones,Center-Forward,6-10,221,Bahamas,2001-01-19T00:00:00,2021,1,19,1
1630222,Mason,Jones,Guard,6-4,200,USA,1998-07-21T00:00:00,Undrafted,Undrafted,Undrafted,3
1630200,Tre,Jones,Guard,6-1,185,USA,2000-01-08T00:00:00,2020,2,41,2
1626145,Tyus,Jones,Guard,6-0,196,USA,1996-05-10T00:00:00,2015,1,24,7
1627884,Derrick,Jones Jr.,Forward,6-6,210,USA,1997-02-15T00:00:00,Undrafted,Undrafted,Undrafted,6
201599,DeAndre,Jordan,Center,6-11,265,USA,1988-07-21T00:00:00,2008,2,35,14
202709,Cory,Joseph,Guard,6-3,200,Canada,1991-08-20T00:00:00,2011,1,29,11
1628379,Luke,Kennard,Guard,6-5,206,USA,1996-06-24T00:00:00,2017,1,12,5
1630296,Braxton,Key,Forward,6-8,225,USA,1997-02-14T00:00:00,Undrafted,Undrafted,Undrafted,1
1630557,Corey,Kispert,Forward,6-6,224,USA,1999-03-03T00:00:00,2021,1,15,1
1628467,Maxi,Kleber,Forward,6-10,240,Germany,1992-01-29T00:00:00,Undrafted,Undrafted,Undrafted,5
1630233,Nathan,Knight,Forward-Center,6-10,253,USA,1997-09-20T00:00:00,Undrafted,Undrafted,Undrafted,2
1628995,Kevin,Knox II,Forward,6-7,215,USA,1999-08-11T00:00:00,2018,1,9,4
1629723,John,Konchar,Guard,6-5,210,USA,1996-03-22T00:00:00,Undrafted,Undrafted,Undrafted,3
1627788,Furkan,Korkmaz,Guard-Forward,6-7,202,Turkey,1997-07-24T00:00:00,2016,1,26,5
1628436,Luke,Kornet,Center-Forward,7-2,250,USA,1995-07-15T00:00:00,Undrafted,Undrafted,Undrafted,5
1630249,Vit,Krejci,Guard,6-8,195,Czech Republic,2000-06-19T00:00:00,2020,2,37,1
1629083,Arnoldas,Kulboka,Forward,6-10,209,Lithuania,1998-01-04T00:00:00,2018,2,55,1
1630228,Jonathan,Kuminga,Forward,6-7,225,DRC,2002-10-06T00:00:00,2021,1,7,1
1628398,Kyle,Kuzma,Forward,6-9,221,USA,1995-07-24T00:00:00,2017,1,27,5
203897,Zach,LaVine,Guard-Forward,6-5,200,USA,1995-03-10T00:00:00,2014,1,13,8
1630237,Anthony,Lamb,Forward,6-6,227,USA,1998-01-20T00:00:00,Undrafted,Undrafted,Undrafted,2
203087,Jeremy,Lamb,Guard-Forward,6-5,180,USA,1992-05-30T00:00:00,2012,1,12,10
1629111,Jock,Landale,Center,6-11,255,Australia,1995-10-25T00:00:00,Undrafted,Undrafted,Undrafted,1
1629641,Romeo,Langford,Guard-Forward,6-5,216,USA,1999-10-25T00:00:00,2019,1,14,3
1627774,Jake,Layman,Forward,6-8,209,USA,1994-03-07T00:00:00,2016,2,47,6
1627747,Caris,LeVert,Guard,6-6,205,USA,1994-08-25T00:00:00,2016,1,20,6
1627814,Damion,Lee,Guard-Forward,6-5,210,USA,1992-10-21T00:00:00,Undrafted,Undrafted,Undrafted,5
1630240,Saben,Lee,Guard,6-2,183,USA,1999-06-23T00:00:00,2020,2,38,2
203458,Alex,Len,Center,7-0,250,Ukraine,1993-06-16T00:00:00,2013,1,5,9
202695,Kawhi,Leonard,Forward,6-7,225,USA,1991-06-29T00:00:00,2011,1,15,10
1630575,Scottie,Lewis,Guard,6-5,185,USA,2000-03-12T00:00:00,2021,2,56,1
1630184,Kira,Lewis Jr.,Guard,6-1,170,USA,2001-04-06T00:00:00,2020,1,13,2
203081,Damian,Lillard,Guard,6-2,195,USA,1990-07-15T00:00:00,2012,1,6,10
1629642,Nassir,Little,Forward-Guard,6-5,220,USA,2000-02-11T00:00:00,2019,1,25,3
1630587,Isaiah,Livers,Forward,6-6,232,USA,1998-07-28T00:00:00,2021,2,42,1
1626172,Kevon,Looney,Forward,6-9,222,USA,1996-02-06T00:00:00,2015,1,30,7
201572,Brook,Lopez,Center,7-0,282,USA,1988-04-01T00:00:00,2008,1,10,14
201577,Robin,Lopez,Center,7-0,281,USA,1988-04-01T00:00:00,2008,1,15,14
1629712,Didi,Louzada,Guard,6-5,188,Brazil,1999-07-02T00:00:00,2019,2,35,3
201567,Kevin,Love,Forward-Center,6-8,251,USA,1988-09-07T00:00:00,2008,1,5,14
200768,Kyle,Lowry,Guard,6-0,196,USA,1986-03-25T00:00:00,2006,1,24,16
1630994,Gabriel,Lundberg,Guard,6-4,203,Denmark,1994-12-04T00:00:00,Undrafted,Undrafted,Undrafted,1
1627789,Timothe,Luwawu-Cabarrot,Guard-Forward,6-7,215,France,1995-05-09T00:00:00,2016,1,24,6
1626168,Trey,Lyles,Forward,6-9,234,Canada,1995-11-05T00:00:00,2015,1,12,7
1630177,Theo,Maledon,Guard,6-4,175,France,2001-06-12T00:00:00,2020,2,34,2
1630572,Sandro,Mamukelashvili,Forward-Center,6-9,240,Georgia,1999-05-23T00:00:00,2021,2,54,1
1629611,Terance,Mann,Guard-Forward,6-5,215,USA,1996-10-18T00:00:00,2019,2,48,3
1630544,Tre,Mann,Guard,6-3,178,USA,2001-02-03T00:00:00,2021,1,18,1
1626246,Boban,Marjanovic,Center,7-3,290,Serbia,1988-08-15T00:00:00,Undrafted,Undrafted,Undrafted,7
1628374,Lauri,Markkanen,Forward-Center,6-11,240,Finland,1997-05-22T00:00:00,2017,1,7,5
1630230,Naji,Marshall,Forward,6-7,220,USA,1998-01-24T00:00:00,Undrafted,Undrafted,Undrafted,2
1628997,Caleb,Martin,Forward,6-5,205,USA,1995-09-28T00:00:00,Undrafted,Undrafted,Undrafted,3
1628998,Cody,Martin,Forward,6-6,205,USA,1995-09-28T00:00:00,2019,2,36,3
1630231,Kenyon,Martin Jr.,Forward,6-5,215,USA,2001-01-06T00:00:00,2020,2,52,2
1629726,Garrison,Mathews,Guard,6-5,215,USA,1996-10-24T00:00:00,Undrafted,Undrafted,Undrafted,3
202083,Wesley,Matthews,Guard,6-4,220,USA,1986-10-14T00:00:00,Undrafted,Undrafted,Undrafted,13
1630178,Tyrese,Maxey,Guard,6-2,200,USA,2000-11-04T00:00:00,2020,1,21,2
1630219,Skylar,Mays,Guard,6-4,205,USA,1997-09-05T00:00:00,2020,2,50,2
1630540,Miles,McBride,Guard,6-1,195,USA,2000-09-08T00:00:00,2021,2,36,1
1630644,Mac,McClung,Guard,6-2,185,USA,1999-01-06T00:00:00,Undrafted,Undrafted,Undrafted,1
203468,CJ,McCollum,Guard,6-3,190,USA,1991-09-19T00:00:00,2013,1,10,9
204456,T.J.,McConnell,Guard,6-1,190,USA,1992-03-25T00:00:00,2015,0,,7
1630183,Jaden,McDaniels,Forward,6-9,185,USA,2000-09-29T00:00:00,2020,1,28,2
1629667,Jalen,McDaniels,Forward-Center,6-9,205,USA,1998-01-31T00:00:00,2019,2,52,3
203926,Doug,McDermott,Forward,6-7,225,USA,1992-01-03T00:00:00,2014,1,11,8
201580,JaVale,McGee,Center-Forward,7-0,270,USA,1988-01-19T00:00:00,2008,1,18,14
203585,Rodney,McGruder,Guard,6-4,205,USA,1991-07-29T00:00:00,Undrafted,Undrafted,Undrafted,6
1629162,Jordan,McLaughlin,Guard,5-11,185,USA,1996-04-09T00:00:00,Undrafted,Undrafted,Undrafted,3
203463,Ben,McLemore,Guard,6-3,195,USA,1993-02-11T00:00:00,2013,1,7,9
1629001,De'Anthony,Melton,Guard,6-2,200,USA,1998-05-28T00:00:00,2018,2,46,4
1629002,Chimezie,Metu,Forward-Center,6-9,225,USA,1997-03-22T00:00:00,2018,2,49,4
203114,Khris,Middleton,Forward,6-7,222,USA,1991-08-12T00:00:00,2012,2,39,10
201988,Patty,Mills,Guard,6-0,180,Australia,1988-08-11T00:00:00,2009,2,55,13
200794,Paul,Millsap,Forward,6-7,257,USA,1985-02-10T00:00:00,2006,2,47,16
1629003,Shake,Milton,Guard-Forward,6-5,205,USA,1996-09-26T00:00:00,2018,2,54,4
1630558,Davion,Mitchell,Guard,6-0,202,USA,1998-09-05T00:00:00,2021,1,9,1
1628378,Donovan,Mitchell,Guard,6-1,215,USA,1996-09-07T00:00:00,2017,1,13,5
1630596,Evan,Mobley,Center,6-11,215,USA,2001-06-18T00:00:00,2021,1,3,1
1628370,Malik,Monk,Guard,6-3,200,USA,1998-02-04T00:00:00,2017,1,11,5
202328,Greg,Monroe,Forward-Center,6-10,250,USA,1990-06-04T00:00:00,2010,1,7,10
1630541,Moses,Moody,Guard,6-5,211,USA,2002-05-31T00:00:00,2021,1,14,1
1629875,Xavier,Moon,Guard,6-2,165,USA,1995-01-02T00:00:00,Undrafted,Undrafted,Undrafted,1
1629630,Ja,Morant,Guard,6-3,174,USA,1999-08-10T00:00:00,2019,1,2,3
1629752,Juwan,Morgan,Forward,6-7,232,USA,1997-04-17T00:00:00,Undrafted,Undrafted,Undrafted,4
202693,Markieff,Morris,Forward,6-9,245,USA,1989-09-02T00:00:00,2011,1,13,11
1628420,Monte,Morris,Guard,6-2,183,USA,1995-06-27T00:00:00,2017,2,51,5
202694,Marcus,Morris Sr.,Forward,6-8,218,USA,1989-09-02T00:00:00,2011,1,14,11
1628539,Mychal,Mulder,Guard,6-3,195,Canada,1994-06-12T00:00:00,Undrafted,Undrafted,Undrafted,4
1630530,Trey,Murphy III,Forward,6-8,206,USA,2000-06-18T00:00:00,2021,1,17,1
1627749,Dejounte,Murray,Guard,6-4,180,USA,1996-09-19T00:00:00,2016,1,29,5
1627750,Jamal,Murray,Guard,6-3,215,Canada,1997-02-23T00:00:00,2016,1,7,5
203488,Mike,Muscala,Forward-Center,6-10,240,USA,1991-07-01T00:00:00,2013,2,44,9
1629004,Svi,Mykhailiuk,Guard-Forward,6-7,205,Ukraine,1997-06-10T00:00:00,2018,2,47,5
1626204,Larry,Nance Jr.,Forward-Center,6-7,245,USA,1993-01-01T00:00:00,2015,1,27,7
1630612,RJ,Nembhard Jr.,Guard,6-4,200,USA,1999-03-22T00:00:00,Undrafted,Undrafted,Undrafted,1
1630174,Aaron,Nesmith,Guard-Forward,6-5,215,USA,1999-10-16T00:00:00,2020,1,14,2
203526,Raul,Neto,Guard,6-2,180,Brazil,1992-05-19T00:00:00,2013,2,47,7
1627777,Georges,Niang,Forward,6-7,230,USA,1993-06-17T00:00:00,2016,2,50,6
1630227,Daishen,Nix,Guard,6-4,226,USA,2002-02-13T00:00:00,Undrafted,Undrafted,Undrafted,1
1630192,Zeke,Nnaji,Forward-Center,6-9,240,USA,2001-01-09T00:00:00,2020,1,22,2
203457,Nerlens,Noel,Center-Forward,6-11,220,USA,1994-04-10T00:00:00,2013,1,6,8
1629669,Jaylen,Nowell,Guard,6-4,201,USA,1999-07-09T00:00:00,2019,2,43,3
1628373,Frank,Ntilikina,Guard,6-4,200,France,1998-07-28T00:00:00,2017,1,8,5
1629134,Kendrick,Nunn,Guard,6-2,190,USA,1995-08-03T00:00:00,Undrafted,Undrafted,Undrafted,2
203994,Jusuf,Nurkic,Center,6-11,290,Bosnia and Herzegovina,1994-08-23T00:00:00,2014,1,16,8
1628021,David,Nwaba,Guard-Forward,6-5,219,USA,1993-01-14T00:00:00,Undrafted,Undrafted,Undrafted,6
1629670,Jordan,Nwora,Forward,6-8,225,USA,1998-09-09T00:00:00,2020,2,45,2
1626220,Royce,O'Neale,Forward,6-5,226,USA,1993-06-05T00:00:00,Undrafted,Undrafted,Undrafted,5
1629643,Chuma,Okeke,Forward,6-6,229,USA,1998-08-18T00:00:00,2019,1,16,2
1629006,Josh,Okogie,Guard,6-4,213,Nigeria,1998-09-01T00:00:00,2018,1,20,4
1630168,Onyeka,Okongwu,Forward-Center,6-8,240,USA,2000-12-11T00:00:00,2020,1,6,2
1630171,Isaac,Okoro,Forward-Guard,6-5,225,USA,2001-01-26T00:00:00,2020,1,5,2
203506,Victor,Oladipo,Guard,6-4,213,USA,1992-05-04T00:00:00,2013,1,2,9
203482,Kelly,Olynyk,Forward-Center,6-11,240,Canada,1991-04-19T00:00:00,2013,1,13,9
1626224,Cedi,Osman,Forward,6-7,230,Turkey,1995-04-08T00:00:00,2015,2,31,5
1626162,Kelly,Oubre Jr.,Forward-Guard,6-6,203,USA,1995-12-09T00:00:00,2015,1,15,7
1629672,Eric,Paschall,Forward,6-6,255,USA,1996-11-04T00:00:00,2019,2,41,3
101108,Chris,Paul,Guard,6-0,175,USA,1985-05-06T00:00:00,2005,1,4,17
1626166,Cameron,Payne,Guard,6-1,183,USA,1994-08-08T00:00:00,2015,1,14,7
203901,Elfrid,Payton,Guard,6-3,195,USA,1994-02-22T00:00:00,2014,1,10,8
1627780,Gary,Payton II,Guard,6-3,195,USA,1992-12-01T00:00:00,Undrafted,Undrafted,Undrafted,6
1630691,Jamorko,Pickett,Forward,6-9,206,USA,1997-12-24T00:00:00,Undrafted,Undrafted,Undrafted,1
1629033,Theo,Pinson,Guard-Forward,6-5,212,USA,1995-11-05T00:00:00,Undrafted,Undrafted,Undrafted,4
203486,Mason,Plumlee,Forward-Center,6-11,254,USA,1990-03-05T00:00:00,2013,1,22,9
1627751,Jakob,Poeltl,Center,7-1,245,Austria,1995-10-15T00:00:00,2016,1,9,6
1630197,Aleksej,Pokusevski,Forward,7-0,190,Serbia,2001-12-26T00:00:00,2020,1,17,2
1630582,Yves,Pons,Forward,6-5,206,France,1999-05-07T00:00:00,Undrafted,Undrafted,Undrafted,1
1629673,Jordan,Poole,Guard,6-4,194,USA,1999-06-19T00:00:00,2019,1,28,3
1629645,Kevin,Porter Jr.,Guard-Forward,6-4,203,USA,2000-05-04T00:00:00,2019,1,30,3
1629008,Michael,Porter Jr.,Forward,6-10,218,USA,1998-06-29T00:00:00,2018,1,14,3
203490,Otto,Porter Jr.,Forward,6-8,198,USA,1993-06-03T00:00:00,2013,1,3,9
1626171,Bobby,Portis,Forward,6-10,250,USA,1995-02-10T00:00:00,2015,1,22,7
204001,Kristaps,Porzingis,Forward-Center,7-3,240,Latvia,1995-08-02T00:00:00,2015,1,4,6
203939,Dwight,Powell,Forward-Center,6-10,240,Canada,1991-07-20T00:00:00,2014,2,45,8
1629619,Myles,Powell,Guard,6-2,195,USA,1997-07-07T00:00:00,Undrafted,Undrafted,Undrafted,2
1626181,Norman,Powell,Guard,6-3,215,USA,1993-05-25T00:00:00,2015,2,46,7
1630563,Joshua,Primo,Guard,6-4,189,Canada,2002-12-24T00:00:00,2021,1,12,1
1627752,Taurean,Prince,Forward,6-6,218,USA,1994-03-22T00:00:00,2016,1,12,6
1630202,Payton,Pritchard,Guard,6-1,195,USA,1998-01-28T00:00:00,2020,1,26,2
1630243,Trevelin,Queen,Guard,6-6,190,USA,1997-02-25T00:00:00,Undrafted,Undrafted,Undrafted,1
1629674,Neemias,Queta,Center,7-0,248,Portugal,1999-07-13T00:00:00,2021,2,39,1
1630193,Immanuel,Quickley,Guard,6-3,190,USA,1999-06-17T00:00:00,2020,1,25,2
203944,Julius,Randle,Forward-Center,6-8,250,USA,1994-11-29T00:00:00,2014,1,7,8
1630559,Austin,Reaves,Guard,6-5,197,USA,1998-05-29T00:00:00,Undrafted,Undrafted,Undrafted,1
1629629,Cam,Reddish,Forward-Guard,6-8,217,USA,1999-09-01T00:00:00,2019,1,10,3
1628432,Davon,Reed,Guard,6-5,206,USA,1995-06-11T00:00:00,2017,2,32,3
1630194,Paul,Reed,Forward,6-9,210,USA,1999-06-14T00:00:00,2020,2,58,2
1629675,Naz,Reid,Center-Forward,6-9,264,USA,1999-08-26T00:00:00,Undrafted,Undrafted,Undrafted,3
1630208,Nick,Richards,Center,7-0,245,Jamaica,1997-11-29T00:00:00,2020,2,42,2
1626196,Josh,Richardson,Guard,6-5,200,USA,1993-09-15T00:00:00,2015,2,40,7
203085,Austin,Rivers,Guard,6-4,200,USA,1992-08-01T00:00:00,2012,1,10,10
1629130,Duncan,Robinson,Forward,6-7,215,USA,1994-04-22T00:00:00,Undrafted,Undrafted,Undrafted,4
1629011,Mitchell,Robinson,Center-Forward,7-0,240,USA,1998-04-01T00:00:00,2018,2,36,4
1630526,Jeremiah,Robinson-Earl,Forward,6-8,242,USA,2000-11-03T00:00:00,2021,2,32,1
1629676,Isaiah,Roby,Forward,6-8,230,USA,1998-02-03T00:00:00,2019,2,45,3
200765,Rajon,Rondo,Guard,6-1,180,USA,1986-02-22T00:00:00,2006,1,21,17
201565,Derrick,Rose,Guard,6-2,200,USA,1988-10-04T00:00:00,2008,1,1,13
203082,Terrence,Ross,Guard-Forward,6-6,206,USA,1991-02-05T00:00:00,2012,1,8,10
1626179,Terry,Rozier,Guard,6-1,190,USA,1994-03-17T00:00:00,2015,1,16,7
201937,Ricky,Rubio,Guard,6-2,190,Spain,1990-10-21T00:00:00,2009,1,5,11
1626156,D'Angelo,Russell,Guard,6-4,193,USA,1996-02-23T00:00:00,2015,1,2,7
1630346,Matt,Ryan,Forward,6-7,215,USA,1997-04-17T00:00:00,Undrafted,Undrafted,Undrafted,1
1627734,Domantas,Sabonis,Forward-Center,6-11,240,Lithuania,1996-05-03T00:00:00,2016,1,11,6
203967,Dario,Saric,Forward-Center,6-10,225,Croatia,1994-04-08T00:00:00,2014,1,12,5
203107,Tomas,Satoransky,Guard,6-7,210,Czech Republic,1991-10-30T00:00:00,2012,2,32,7
1630648,Jordan,Schakel,Guard,6-6,200,USA,1998-06-13T00:00:00,Undrafted,Undrafted,Undrafted,1
1629678,Admiral,Schofield,Forward,6-5,241,United Kingdom,1997-03-30T00:00:00,2019,2,42,2
203471,Dennis,Schroder,Guard,6-1,172,Germany,1993-09-15T00:00:00,2013,1,17,9
1630206,Jay,Scrubb,Guard,6-5,220,USA,2000-09-01T00:00:00,2020,2,55,3
1630578,Alperen,Sengun,Center,6-10,243,Turkey,2002-07-25T00:00:00,2021,1,16,1
1629012,Collin,Sexton,Guard,6-1,190,USA,1999-01-04T00:00:00,2018,1,8,4
1629013,Landry,Shamet,Guard,6-4,190,USA,1997-03-13T00:00:00,2018,1,26,4
1630549,Day'Ron,Sharpe,Center,6-9,265,USA,2001-11-06T00:00:00,2021,1,29,1
1627783,Pascal,Siakam,Forward,6-8,230,Cameroon,1994-04-02T00:00:00,2016,1,27,6
1627732,Ben,Simmons,Guard-Forward,6-11,240,Australia,1996-07-20T00:00:00,2016,1,1,4
1630250,Marko,Simonovic,Center,6-11,220,Montenegro,1999-10-15T00:00:00,2020,2,44,1
1629014,Anfernee,Simons,Guard,6-3,181,USA,1999-06-08T00:00:00,2018,1,24,4
1630579,Jericho,Sims,Center,6-9,250,USA,1998-10-20T00:00:00,2021,2,58,1
1630606,Javonte,Smart,Guard,6-4,205,USA,1999-06-03T00:00:00,Undrafted,Undrafted,Undrafted,2
203935,Marcus,Smart,Guard,6-4,220,USA,1994-03-06T00:00:00,2014,1,6,8
202397,Ish,Smith,Guard,6-0,175,USA,1988-07-05T00:00:00,Undrafted,Undrafted,Undrafted,12
1630188,Jalen,Smith,Forward-Center,6-10,215,USA,2000-03-16T00:00:00,2020,1,10,2
1630270,Xavier,Sneed,Forward,6-5,215,USA,1997-12-21T00:00:00,Undrafted,Undrafted,Undrafted,1
203503,Tony,Snell,Guard,6-6,213,USA,1991-11-10T00:00:00,2013,1,20,9
1630531,Jaden,Springer,Guard,6-4,202,USA,2002-09-25T00:00:00,2021,1,28,1
203917,Nik,Stauskas,Guard,6-6,207,Canada,1993-10-07T00:00:00,2014,1,8,7
202362,Lance,Stephenson,Forward,6-5,210,USA,1990-09-05T00:00:00,2010,2,40,11
1630205,Lamar,Stevens,Forward,6-6,230,USA,1997-07-09T00:00:00,Undrafted,Undrafted,Undrafted,2
1630191,Isaiah,Stewart,Forward-Center,6-8,250,USA,2001-05-22T00:00:00,2020,1,16,2
1629622,Max,Strus,Guard-Forward,6-5,215,USA,1996-03-28T00:00:00,Undrafted,Undrafted,Undrafted,3
1630591,Jalen,Suggs,Guard,6-5,205,USA,2001-06-03T00:00:00,2021,1,5,1
1630256,Jae'Sean,Tate,Forward,6-4,230,USA,1995-10-28T00:00:00,Undrafted,Undrafted,Undrafted,2
1628369,Jayson,Tatum,Forward-Guard,6-8,210,USA,1998-03-03T00:00:00,2017,1,3,5
1630678,Terry,Taylor,Forward,6-5,230,USA,1999-09-23T00:00:00,Undrafted,Undrafted,Undrafted,1
202066,Garrett,Temple,Guard-Forward,6-5,195,USA,1986-05-08T00:00:00,Undrafted,Undrafted,Undrafted,12
1630179,Tyrell,Terry,Guard,6-2,160,USA,2000-09-28T00:00:00,2020,2,31,3
1628464,Daniel,Theis,Forward-Center,6-9,245,Germany,1992-04-04T00:00:00,Undrafted,Undrafted,Undrafted,5
1630271,Brodric,Thomas,Guard,6-5,185,USA,1997-01-28T00:00:00,Undrafted,Undrafted,Undrafted,2
1630560,Cam,Thomas,Guard,6-3,210,Japan,2001-10-13T00:00:00,2021,1,27,1
202738,Isaiah,Thomas,Guard,5-9,185,USA,1989-02-07T00:00:00,2011,2,60,11
1629744,Matt,Thomas,Guard,6-3,190,USA,1994-08-04T00:00:00,Undrafted,Undrafted,Undrafted,3
202691,Klay,Thompson,Guard,6-6,220,USA,1990-02-08T00:00:00,2011,1,11,9
202684,Tristan,Thompson,Center-Forward,6-9,254,Canada,1991-03-13T00:00:00,2011,1,4,11
1630550,JT,Thor,Forward,6-9,203,USA,2002-08-26T00:00:00,2021,2,37,1
1629680,Matisse,Thybulle,Guard-Forward,6-5,201,USA,1997-03-04T00:00:00,2019,1,20,3
1629681,Killian,Tillie,Forward-Center,6-9,220,France,1998-03-05T00:00:00,Undrafted,Undrafted,Undrafted,2
1630214,Xavier,Tillman Sr.,Forward,6-8,245,USA,1999-01-12T00:00:00,2020,2,35,2
1630225,Isaiah,Todd,Forward,6-9,219,USA,2001-10-17T00:00:00,2021,2,31,1
1630167,Obi,Toppin,Forward,6-9,220,USA,1998-03-04T00:00:00,2020,1,8,2
1629308,Juan,Toscano-Anderson,Forward,6-6,209,USA,1993-04-10T00:00:00,Undrafted,Undrafted,Undrafted,3
1626157,Karl-Anthony,Towns,Center-Forward,6-11,248,USA,1995-11-15T00:00:00,2015,1,1,7
1629018,Gary,Trent Jr.,Guard-Forward,6-5,209,USA,1999-01-18T00:00:00,2018,2,37,4
200782,P.J.,Tucker,Forward,6-5,245,USA,1985-05-05T00:00:00,2006,2,35,11
1629730,Rayjon,Tucker,Guard,6-3,209,USA,1997-09-24T00:00:00,Undrafted,Undrafted,Undrafted,4
1626167,Myles,Turner,Center-Forward,6-11,250,USA,1996-03-24T00:00:00,2015,1,11,7
202685,Jonas,Valanciunas,Center,6-11,265,Lithuania,1992-05-06T00:00:00,2011,1,5,10
1627832,Fred,VanVleet,Guard,6-1,197,USA,1994-02-25T00:00:00,Undrafted,Undrafted,Undrafted,6
1629020,Jarred,Vanderbilt,Forward,6-9,214,USA,1999-04-03T00:00:00,2018,2,41,4
1630170,Devin,Vassell,Guard-Forward,6-5,200,USA,2000-08-23T00:00:00,2020,1,11,2
1629216,Gabe,Vincent,Guard,6-3,200,USA,1996-06-14T00:00:00,Undrafted,Undrafted,Undrafted,3
202696,Nikola,Vucevic,Center,6-10,260,Montenegro,1990-10-24T00:00:00,2011,1,16,11
1629731,Dean,Wade,Forward-Center,6-9,228,USA,1996-11-20T00:00:00,Undrafted,Undrafted,Undrafted,3
1630532,Franz,Wagner,Forward,6-10,220,Germany,2001-08-27T00:00:00,2021,1,8,1
1629021,Moritz,Wagner,Forward-Center,6-11,245,Germany,1997-04-26T00:00:00,2018,1,25,4
1630688,Ish,Wainright,Forward,6-5,250,USA,1994-09-12T00:00:00,Undrafted,Undrafted,Undrafted,1
202689,Kemba,Walker,Guard,6-0,184,USA,1990-05-08T00:00:00,2011,1,9,11
1629022,Lonnie,Walker IV,Guard-Forward,6-4,204,USA,1998-12-14T00:00:00,2018,1,18,4
202322,John,Wall,Guard,6-3,210,USA,1990-09-06T00:00:00,2010,1,1,10
203933,T.J.,Warren,Forward,6-8,220,USA,1993-09-05T00:00:00,2014,1,14,7
1629023,P.J.,Washington,Forward,6-7,230,USA,1998-08-23T00:00:00,2019,1,12,3
1630613,Duane,Washington Jr.,Guard,6-3,197,Germany,2000-03-24T00:00:00,Undrafted,Undrafted,Undrafted,1
1629139,Yuta,Watanabe,Guard-Forward,6-9,215,Japan,1994-10-13T00:00:00,Undrafted,Undrafted,Undrafted,4
1630322,Lindy,Waters III,Forward,6-6,215,USA,1997-07-28T00:00:00,Undrafted,Undrafted,Undrafted,1
1630570,Trendon,Watford,Forward,6-8,237,USA,2000-11-09T00:00:00,Undrafted,Undrafted,Undrafted,1
1629683,Quinndary,Weatherspoon,Guard,6-3,205,USA,1996-09-10T00:00:00,2019,2,49,3
201566,Russell,Westbrook,Guard,6-3,200,USA,1988-11-12T00:00:00,2008,1,4,14
1629632,Coby,White,Guard,6-4,195,USA,2000-02-16T00:00:00,2019,1,7,3
1628401,Derrick,White,Guard,6-4,190,USA,1994-07-02T00:00:00,2017,1,29,5
202355,Hassan,Whiteside,Center,7-0,265,USA,1989-06-13T00:00:00,2010,2,33,10
1630580,Joe,Wieskamp,Guard-Forward,6-6,205,USA,1999-08-23T00:00:00,2021,2,41,1
1630598,Aaron,Wiggins,Guard,6-4,190,USA,1999-01-02T00:00:00,2021,2,55,1
203952,Andrew,Wiggins,Forward,6-7,197,Canada,1995-02-23T00:00:00,2014,1,1,8
1629623,Lindell,Wigginton,Guard,6-1,189,Canada,1998-03-28T00:00:00,2019,,,1
1630314,Brandon,Williams,Guard,6-2,190,USA,1999-11-22T00:00:00,Undrafted,Undrafted,Undrafted,1
1629684,Grant,Williams,Forward,6-6,236,USA,1998-11-30T00:00:00,2019,1,22,3
1629026,Kenrich,Williams,Guard-Forward,6-6,210,USA,1994-12-02T00:00:00,Undrafted,Undrafted,Undrafted,4
101150,Lou,Williams,Guard,6-2,175,USA,1986-10-27T00:00:00,2005,2,45,17
1630172,Patrick,Williams,Forward,6-7,215,USA,2001-08-26T00:00:00,2020,1,4,2
1630533,Ziaire,Williams,Forward,6-9,185,USA,2001-09-12T00:00:00,2021,1,10,1
1629057,Robert,Williams III,Center-Forward,6-9,237,USA,1997-10-17T00:00:00,2018,1,27,4
1629627,Zion,Williamson,Forward,6-6,284,USA,2000-07-06T00:00:00,2019,1,1,2
1629685,Dylan,Windler,Guard-Forward,6-6,196,USA,1996-09-22T00:00:00,2019,1,26,2
1626159,Justise,Winslow,Forward-Guard,6-6,222,USA,1996-03-26T00:00:00,2015,1,10,7
1630216,Cassius,Winston,Guard,6-1,185,USA,1998-02-28T00:00:00,2020,2,53,3
1630164,James,Wiseman,Center,7-0,240,USA,2001-03-31T00:00:00,2020,1,2,1
1626174,Christian,Wood,Forward,6-9,214,USA,1995-09-27T00:00:00,Undrafted,Undrafted,Undrafted,6
1630218,Robert,Woodard II,Forward,6-6,235,USA,1999-09-22T00:00:00,2020,2,40,2
1626153,Delon,Wright,Guard,6-5,185,USA,1992-04-26T00:00:00,2015,1,20,7
1630589,Moses,Wright,Forward,6-8,226,USA,1998-12-23T00:00:00,Undrafted,Undrafted,Undrafted,1
1630593,McKinley,Wright IV,Guard,5-11,192,USA,1998-10-25T00:00:00,Undrafted,Undrafted,Undrafted,1
1628221,Gabe,York,Guard,6-3,190,USA,1993-08-02T00:00:00,Undrafted,Undrafted,Undrafted,2
201152,Thaddeus,Young,Forward,6-8,235,USA,1988-06-21T00:00:00,2007,1,12,15
1629027,Trae,Young,Guard,6-1,164,USA,1998-09-19T00:00:00,2018,1,5,4
1630209,Omer,Yurtseven,Center,6-11,275,Turkey,1998-06-19T00:00:00,Undrafted,Undrafted,Undrafted,1
1627826,Ivica,Zubac,Center,7-0,240,Croatia,1997-03-18T00:00:00,2016,2,32,6
